,title,subtitle,link
0,,,https://www.thesun.co.uk/sport/19003040/man-utd-wayne-rooney-derby-coaching-badges/
1,,,https://www.thesun.co.uk/sport/19003284/gareth-bale-transfer-confirmed-los-angeles-lafc/
2,,,https://www.thesun.co.uk/sport/19001962/liverpool-jude-bellingham-man-utd-man-city-kalvin-phillips/
3,,,https://www.thesun.co.uk/sport/football/19004294/denmark-euro-92-mcdonalds/
4,,,https://www.thesun.co.uk/sport/betting-tips/18918779/win-mercedes-exclusive-discount/
5,,,https://www.thesun.co.uk/sport/football/19002138/cristiano-ronaldo-man-utd-sensational-summer-transfer-chelsea/
6,,,https://www.thesun.co.uk/sport/19002748/riyad-mahrez-man-city-new-contract/
7,,,https://www.thesun.co.uk/sport/19002782/man-utd-transfer-howard-webb-premier-league-referee/
8,,,https://www.thesun.co.uk/sport/19002337/malcolm-ebiowei-snubs-man-utd-transfer-crystal-palace/
9,,,https://www.thesun.co.uk/sport/betting-tips/18979204/free-bets-horse-racing-888sport-irish-derby-new-customer/
10,,,https://www.thesun.co.uk/sport/football/19003192/david-brooks-cancer-bournemouth-wales-world-cup/
11,,,https://www.thesun.co.uk/sport/football/19000567/man-utd-cristiano-ronaldo-chelsea-not-for-sale/
12,,,https://www.thesun.co.uk/sport/football/19000311/man-utd-supporters-glazer-protest-erik-ten-hag/
13,,,https://www.thesun.co.uk/sport/19000157/man-utd-liverpool-paul-scholes-michael-owen-horse-racing/
14,,,https://www.thesun.co.uk/sport/19001420/forest-neco-williams-morgan-gibbs-white-liverpool/
15,,,https://www.thesun.co.uk/sport/football/19000956/man-utd-cristiano-ronaldo-georgina-rodriguez-yacht-bikini/
16,,,https://www.thesun.co.uk/sport/19002499/chelsea-ousmane-dembele-transfer-barcelona/
17,,,https://www.thesun.co.uk/sport/19002349/arsenal-paul-merson-eddie-nketiah-fulham/
18,,,https://www.thesun.co.uk/sport/football/19000813/cristiano-ronaldo-man-utd-transfer-jose-mourinho-roma/
19,,,https://www.thesun.co.uk/sport/betting-tips/15779007/online-casino-deals-new-customer-sign-up-bonus/
20,,,https://www.thesun.co.uk/sport/18833883/arsenal-transfer-news-live-gabriel-jesus-raphinha-saliba-lisandro-martinez/
21,,,https://www.thesun.co.uk/sport/football/18984148/chelsea-transfer-news-live-cristiano-ronaldo-sterling-dembele/
22,,,https://www.thesun.co.uk/sport/18912631/man-utd-transfer-news-live-frenkie-de-jong-cristiano-ronaldo/
23,,,https://www.thesun.co.uk/sport/18996844/liverpool-mo-salah-leave-real-madrid/
24,,,https://www.thesun.co.uk/sport/football/18999223/arsenal-advanced-transfer-talks-raphinha-leeds/
25,,,https://www.thesun.co.uk/sport/football/19001534/west-ham-jesse-lingard-free-transfer-man-utd/
26,,,https://www.thesun.co.uk/sport/football/18999843/cristiano-ronaldo-holiday-pre-season-man-utd/
27,,,https://www.thesun.co.uk/sport/football/19002356/bournemouth-josh-bowler-transfer-blackpool/
28,,,https://www.thesun.co.uk/sport/football/18999172/chelsea-thomas-tuchel-raheem-sterling-transfer/
29,,,https://www.thesun.co.uk/sport/19002215/wayne-rooney-conor-hourihane-transfer-man-utd-derby/
30,,,https://www.thesun.co.uk/sport/football/19001135/middlesborough-tottenham-dj-spence/
31,,,https://www.thesun.co.uk/sport/football/19000481/school-children-happy-birthday-lionel-messi/
32,,,https://www.thesun.co.uk/sport/football/19001522/raphinha-angel-di-maria-ibiza-summer-transfers/
33,,,https://www.thesun.co.uk/sport/football/18995119/man-city-agree-45m-kalvin-phillips-transfer/
34,,,https://www.thesun.co.uk/sport/football/18999661/chelsea-line-up-transfers-signings-sterling/
35,,,https://www.thesun.co.uk/sport/football/19001078/arsenal-gonzalo-higuain-mesut-ozil/
36,,,https://www.thesun.co.uk/sport/19002021/sheffield-united-anel-ahmedhodzic-transfer-blackburn/
37,,,https://www.thesun.co.uk/sport/football/19000902/watford-fan-fury-qatar-national-team-friendly/
38,,,https://www.thesun.co.uk/sport/19001593/frankfurt-lyon-everton-leeds-bournemouth-blackburn-ben-brereton-diaz/
39,,Ronaldo and Georgina pose with kids and friends in Majorca holiday snaps,https://www.thesun.co.uk/sport/football/18989621/man-utd-cristiano-ronaldo-georgina-rodriguez-majorca-photos/
40,NEYM YOUR PRICE,Neymar's agents 'open talks with Juventus over stunning transfer from PSG',https://www.thesun.co.uk/sport/football/18998938/neymar-agent-juventus-transfer-psg/
41,ALL TO PLAY FOR,Joe Allen on Huddersfield's transfer wish list after leaving Stoke on free,https://www.thesun.co.uk/sport/19001315/joe-allen-transfer-wales-swansea-free/
42,DAMNED UTD,Neville calls Man Utd a GRAVEYARD and uses Eriksen as example of Glazers' effect,https://www.thesun.co.uk/sport/18994393/gary-neville-man-utd-graveyard-eriksen-glazers-transfer/
43,CEK HIM OUT,"Newcastle, Villa and Everton on alert with Soucek struggling to agree new deal",https://www.thesun.co.uk/sport/18996629/west-ham-tomas-soucek-contract-transfer-offers/
44,PLAYBOY MUMMY,Ex-Rangers wag in tears as she becomes Scotland's oldest Playboy model at 38,https://www.thesun.co.uk/sport/18995953/rangers-wag-stephanie-heaney-playboy-nacho-novo/
45,BOTMAN BEGINS,Newcastle finally strike £39m deal for Botman with medical set for next week,https://www.thesun.co.uk/sport/18996542/newcastle-transfer-deal-sven-botman-medical-next-week/
46,S-MART MOVE,Arsenal open fresh talks for Martinez in bid to beat Man Utd to Ajax defender,https://www.thesun.co.uk/sport/football/18998662/arsenal-lisandro-martinez-transfer-talks-ajax/
47,LIGT WORK,Chelsea prepare De Ligt bid with club willing to fork out £38m plus star forward,https://www.thesun.co.uk/sport/football/18994767/chelsea-de-ligt-offer-cash-player-juventus/
48,ZI YA LATER,Chelsea star Hakim Ziyech 'hands in transfer request as AC Milan open talks',https://www.thesun.co.uk/sport/football/18998959/chelsea-hakim-ziyech-ac-milan/
